{
  "hr": 0.7412132492455592,
  "ndcg": 0.6386674685247485,
  "evaluated_users": 110678
}